<addon id="plugin.program.ascleaner"
       name="AS Cleaner"
       version="1.0.0"
       provider-name="MRREC">
  <requires>
    <import addon="xbmc.python" version="3.0.0"/>
  </requires>
  <extension point="xbmc.addon.program"
             library="default.py"/>
  <extension point="xbmc.addon.metadata">
    <summary>AS Cleaner</summary>
    <description>Tool to clean Kodi cache and temp files on Android systems.</description>
    <platform>all</platform>
    <license>MIT</license>
    <icon>icon.png</icon>
  </extension>
</addon>