<?xml version="1.0" encoding="UTF-8" standalone="yes"?>
<addon id="repository.asrepo" version="1.0.0" name="AS Repo" provider-name="mrrecords">
    <extension point="xbmc.addon.repository" name="AS Repo">
        <info compressed="false">https://mrrecords.github.io/addons.xml</info>
        <checksum>https://mrrecords.github.io/addons.xml.md5</checksum>
        <datadir zip="true">https://mrrecords.github.io/</datadir>
    </extension>
    <extension point="xbmc.addon.metadata">
        <summary>AS Repo for Kodi Omega</summary>
        <description>Official Kodi repository for AS Cleaner and YTS Subtitles Lite addons.</description>
        <platform>all</platform>
        <license>MIT</license>
        <source></source>
        <website>https://mrrecords.github.io</website>
    </extension>
</addon>
