<addon id="repository.mrrecords" name="MrRecords Repo" version="1.0.0" provider-name="mrrecords">
    <extension point="xbmc.addon.repository" name="MrRecords Repo">
        <info>https://mrrecords.github.io/addons.xml</info>
        <checksum>https://mrrecords.github.io/addons.xml.md5</checksum>
        <datadir zip="true">https://mrrecords.github.io/addons/</datadir>
    </extension>
    <extension point="xbmc.addon.metadata">
        <summary lang="en">MrRecords Kodi Addon Repository</summary>
        <description lang="en">A sample Kodi repository for testing hosted on GitHub Pages.</description>
        <platform>all</platform>
    </extension>
</addon>