<?xml version="1.0" encoding="UTF-8" standalone="yes"?>
<addon id="plugin.program.ascleaner" version="1.0.0" name="AS Cleaner" provider-name="You">
    <requires>
        <import addon="xbmc.python" version="3.0.0"/>
    </requires>
    <extension point="xbmc.python.program" library="default.py">
        <provides>executable</provides>
    </extension>
    <extension point="xbmc.addon.metadata">
        <summary>AS Cleaner for Kodi v21 Omega</summary>
        <description>Clears cache, thumbnails, packages, and addon data. Includes Clear All and Auto-Clean on startup.</description>
        <platform>all</platform>
    </extension>
</addon>
